group|name|email|title|domain|type|tags|problem|abstract
G01|Kabin Bagale|kabin.bagale@origin.edu|SEAL Secure Exam Access System|EDU|Desktop App|exam;student;verification|Colleges cannot stop students from opening other programs during computer-based exams.|SEAL holds the exam screen in one full-screen window and records each answer with a timestamp. Supervisors see live status for each seat and collect the answer files at the end.
G02|Sandesh Dotel|sandesh.dotel@origin.edu|ORIGIN Project Idea Originality Checker|EDU|Web App|student;project;similarity|Student groups pick project titles without knowing past projects or other groups, so titles repeat every semester.|Students type a title with tags and a short description, and ORIGIN compares it with past projects and locked class ideas. It shows a score with the closest match and suggests a concrete new direction.
G03|Anup Parajuli|anup.parajuli@origin.edu|Smart Inventory and Sales Management System|COM|Web App|inventory;billing;shop|Shop owners lose track of stock and daily sales because records stay in paper notebooks.|Shop owners record stock, purchases, and sales in one web app and see low-stock alerts each morning. The app prints bills, tracks profit by day, and warns before any item runs out.
G04|Anjali Tamang|anjali.tamang@origin.edu|Disaster Relief Management System|ENV|Web App|disaster;donation;volunteer|Relief groups cannot track victims, supplies, and volunteers in one place after a disaster.|Ward officers register affected families and list what each family needs, while donors pledge supplies against real demand. Volunteers pick delivery tasks from a live queue and mark each delivery complete with a photo note.
G05|Abiral Bhandari|abiral.bhandari@origin.edu|Library Management System|EDU|Web App|library;booking;student|Students queue at the library desk to borrow books while the librarian searches paper registers.|Students search the catalog online, reserve a book, and collect it from the desk with a return date stamped. The librarian tracks loans, fines, and available copies from one dashboard.
G06|Aashish Maidali|aashish.maidali@origin.edu|Library Management System|EDU|Web App|library;student;qr-code|Two librarians manage one collection with paper cards, so the same book is promised to two students.|Students find books in an online catalog and scan a QR code at the desk to borrow or return in seconds. The system blocks double issue of one copy and lists defaulters with fines automatically.
G07|Prayusha Upadhyaya|prayusha.upadhyaya@origin.edu|Crime Track Smart Crime and Case Management System|GOV|Web App|complaint;document;verification|Citizens file crime complaints on paper and never learn what happens to their case.|Citizens file a complaint online with photos and track each step from registration to closure. Police officers link evidence documents to the case file and verify each update before it reaches the citizen.
G08|Rekha Mahat|rekha.mahat@origin.edu|Online Voting System|GOV|Web App|voting;verification;citizen-service|Paper ballots need halls, long queues, and manual counting that takes a full day.|Voters verify identity once, cast one vote online, and see a receipt without revealing the choice. Officers publish results after the poll closes and anyone can audit the published totals.
G09|Shreya Chhetri|shreya.chhetri@origin.edu|ATM Simulation System|FIN|Desktop App|banking;payment;savings|Banking students learn ATM use from slides and never touch the real flow of PIN, balance, and cash.|The desktop app simulates card insert, PIN check, balance view, cash withdrawal, and mini statement on screen. Each transaction updates the practice account and prints a receipt slip for the student record.
G10|Aakriti Shrestha|aakriti.shrestha@origin.edu|CafePOS Point of Sale Management System|COM|Web App|pos;billing;restaurant|Cafe staff take orders on paper slips that get lost between table, kitchen, and counter.|Waiters punch orders on a tablet, the kitchen sees each ticket live, and the counter prints one final bill. Owners track daily sales by item and see which dish earns most each week.
G11|Nitesh Shahi|nitesh.shahi@origin.edu|Hospital Management System|HLT|Web App|hospital;patient;appointment|Hospital desks manage patients, doctors, and beds in separate registers that never match.|Reception books appointments, admits patients, and assigns beds from one screen with live availability. Doctors see their queue and patient history, and the pharmacy bills against the same visit record.
G12|Nirjal Kasula|nirjal.kasula@origin.edu|Employee Management System|JOB|Web App|job;attendance;scheduling|Small firms track staff attendance, leave, and salary in files that payroll never trusts.|Managers mark daily attendance, approve leave requests, and assign weekly shifts in one place. Payroll reads the same records and generates salary slips without retyping hours.
G13|Sunil Chand|sunil.chand@origin.edu|Student Management System|EDU|Web App|student;attendance;result|Colleges keep admissions, attendance, and marks in three files that disagree at report time.|Staff admit students once, mark daily attendance by class, and enter exam marks against the same roll number. Class teachers print report cards and defaulter lists straight from the system.
G14|Umanga Pokhrel|umanga.pokhrel@origin.edu|Weather Forecasting App|ENV|Mobile App|weather;prediction;notification|Farmers and travellers plan the day without local rain and temperature guidance.|The app pulls station data and shows rain chance, temperature, and wind for each hour using past records and average trend from historical data. Users get a notification before heavy rain starts in their saved places.
G15|Rebika Shrestha|rebika.shrestha@origin.edu|Gym Membership Management System|HLT|Web App|sports;payment;scheduling|Gym owners track members, fees, and trainer slots on paper that expires with the notebook.|Members join a plan, book trainer slots, and pay monthly fees online with renewal reminders. Trainers see daily schedules and attendance, and owners track revenue by plan each month.
G16|Saroj Timalsina|saroj.timalsina@origin.edu|Job Portal|JOB|Web App|job;recruitment;skill|Job seekers walk company to company with paper CVs while small firms never reach them.|Seekers post one profile with skills and apply to open posts in two clicks. Employers shortlist applicants, schedule interviews, and close the post when the seat fills.
G17|Sushant Bhusal|sushant.bhusal@origin.edu|JV Chatbot for Student Queries|SOC|Web App|chatbot;faq;chat|New students ask the same questions about routine, fees, and exams that staff answer a hundred times.|The chatbot answers questions from the college FAQ and replies in a guided dialog with links to the right notice. Unanswered questions go to a staff queue so the FAQ grows each week.
G18|Samir Karki|samir.karki@origin.edu|Smart Menu Ordering System|COM|Web App|restaurant;food-order;qr-code|Diners wait for waiters to bring paper menus and take each order by hand.|Diners scan a QR code at the table, browse the live menu with photos, and send the order straight to the kitchen. Staff track each table status and print one bill at the end with split options.
