domain|statement|affected|solution|primary_type|alt_type|tags|topics|twist
ENV|Households in Kathmandu wait days for private water tankers with no idea of queue position, price or arrival time.|Kathmandu households without piped water|Water Tanker Booking and Queue Tracker|Mobile App|Web App|water;booking;queue;gps|Process scheduling;Semaphores and critical sections;Multithreading;Stored procedures and functions|Treat each tanker as a CPU and each booking as a process: shortest-job-first with aging decides the queue, and a semaphore stops two households claiming the same tanker slot.
ENV|During monsoon, villagers learn about landslide-blocked roads only after travelling to the spot.|Commuters and bus drivers in hill districts|Monsoon Road Blockage Reporting Board|Web App|Mobile App|landslide;disaster;map;notification|Probability distributions;Hypothesis testing;Triggers|Trust a report only when enough independent people agree: a binomial test on the report count decides whether a road is marked blocked, and a trigger expires the mark after six hours.
ENV|After an earthquake, relief teams cannot see which wards have already received tents and food.|Relief volunteers and ward offices|Relief Distribution Ledger for Wards|Web App|Desktop App|earthquake;disaster;ward-office;donation|Transactions and ACID;Locking and deadlock in databases;Stored procedures and functions;Swing GUI|Two wards must never hand out the same tent stock: wrap every handover in a transaction with row locks, and show what happens when two clerks click at the same moment.
ENV|Air quality in the valley spikes in winter but schools decide outdoor activities without local readings.|School children and teachers|Low-Cost Air Quality Monitor for Schools|IoT / Hardware|Data & Analytics|air-quality;sensor;dashboard;notification|Interrupts and DMA;Descriptive statistics;Charts and graphs;Real-time systems|Sensor readings arrive as interrupts, a moving median removes the spikes, and a histogram of the week shows when outdoor play is safe.
ENV|River-side settlements get flood warnings too late because gauge readings are not shared locally.|Families living near Terai rivers|Community Flood Early-Warning Board|IoT / Hardware|Mobile App|flood;sensor;sms;notification|Real-time systems;Socket programming;Descriptive statistics|A river gauge is a hard real-time source: gauges push readings over UDP, and the board raises the alarm when the rise rate passes two standard deviations.
ENV|Waste pickers and recyclers have no way to know which households have sorted dry waste ready.|Informal recyclers and households|Dry Waste Pickup Matching|Mobile App|Web App|waste;booking;gps|Disk scheduling;Process scheduling;Collections framework;Charts and graphs|Order pickups the way a disk head serves requests: SCAN sweeps the ward once instead of zig-zagging, and a chart shows the distance saved against first-come-first-served.
AGR|Farmers sell vegetables to middlemen without knowing that day's Kalimati wholesale price.|Smallholder vegetable farmers|Kalimati Price Watch and Sell Planner|Mobile App|Data & Analytics|market-price;farmer;sms;dashboard|Correlation and regression;Descriptive statistics;Charts and graphs;File IO and serialization|Fit a least-squares trend to the last 30 days of prices and tell the farmer whether to sell today or wait, with the correlation coefficient shown as the confidence.
AGR|Livestock farmers miss vaccination dates for their animals because records are kept in memory.|Dairy and goat farmers|Livestock Vaccination Reminder|Mobile App|Desktop App|livestock;vaccination;sms;scheduling|Triggers;Stored procedures and functions;Multithreading|A stored procedure works out due dates from each animal's last dose and a trigger queues the SMS the day before, so the schedule lives in the database and not in the app.
AGR|Farmers cannot tell which fertilizer their soil needs and overuse urea.|Paddy and maize farmers|Soil Test Result Advisor|Web App|Data & Analytics|soil;crop;recommendation|Hypothesis testing;Descriptive statistics;Probability distributions;SQL views|Compare a field's nitrogen reading with the district mean using a one-sample t-test, and advise fertilizer only when the difference is significant.
AGR|Cold storage space in districts is booked by phone and often double-booked during harvest.|Potato and apple farmers|Cold Storage Slot Booking|Web App|Desktop App|crop;booking;inventory|Memory allocation;Locking and deadlock in databases;Transactions and ACID|Cold-room space is memory: allocate pallets with best-fit, merge freed gaps and show the fragmentation, while a row lock prevents a double booking.
AGR|Crop disease spreads because farmers cannot reach an agriculture technician quickly.|Farmers in remote municipalities|Crop Problem Photo Helpdesk|Mobile App|Web App|crop;chat;farmer|Socket programming;Multithreading;File IO and serialization;Query processing and indexing|A TCP server answers many farmers at once with one thread each, stores photos on disk and indexes past answers so a repeat problem gets an instant reply.
HLT|Rural health posts run out of essential medicines before the district store even knows.|Health post in-charges and patients|Health-Post Medicine Stock Alert Network|Web App|Desktop App|medicine;inventory;notification;dashboard|RMI and distributed objects;Triggers;Backup and recovery;Distributed systems|Each health post keeps its own database and syncs with the district store through RMI, a trigger raises the low-stock alert, and a restore drill proves a post recovers from a power cut.
HLT|Parents lose track of their child's vaccination card and miss scheduled doses.|Parents of infants|Child Vaccination Schedule Keeper|Mobile App|Web App|vaccination;scheduling;sms|Stored procedures and functions;Triggers;Backup and recovery|Due dates come from a stored function over the national schedule, and a trigger writes an audit row for every dose, so a lost card can be rebuilt from the log.
HLT|Ambulance drivers and families waste time finding which hospital has a free ICU bed.|Emergency patients and ambulance drivers|ICU Bed Availability Board|Web App|Mobile App|hospital;dashboard;queue|Transactions and ACID;Locking and deadlock in databases;Socket programming;Real-time systems|A wrong bed count can cost a life: serializable transactions make sure two ambulances never get the same last bed, and changes reach every screen over TCP within a second.
HLT|Elderly people living alone forget to take daily medicines on time.|Elderly people and their children abroad|Medicine Intake Reminder with Family Alerts|Mobile App|IoT / Hardware|medicine;notification;sms|Process scheduling;Real-time systems;Multithreading;Collections framework|A scheduler thread fires reminders in earliest-deadline-first order, and if a dose is not confirmed within 30 minutes the family is alerted.
HLT|Female community health volunteers still record household visits on paper registers.|Female community health volunteers|FCHV Household Visit Register|Mobile App|Desktop App|health-record;patient;document|Swing GUI;File IO and serialization;Transactions and ACID;Backup and recovery|Works offline on the volunteer's laptop: Swing forms save to a serialized file, and a sync step replays the changes into MySQL as one transaction.
EDU|Students repeat past project ideas because no one checks them against old projects early.|BIT students and supervisors|Project Idea Duplicate Checker|Web App|Desktop App|student;verification;analytics|Query processing and indexing;Collections framework;Descriptive statistics|An inverted index and rare-term weights are the database-indexing and information-content ideas from class, applied to the duplicate check itself.
EDU|Practical exam marks from lab teachers are typed again by the exam section, causing errors.|Exam section staff and students|Lab Marks Direct Entry and Verification|Desktop App|Web App|exam;result;verification|Database security and access control;Triggers;Transactions and ACID;Swing GUI|Every mark change is written to an audit table by a trigger with a hash of the old value, so a disputed result can be traced to who changed it and when.
EDU|Community school teachers have no simple tool to spot students at risk of dropping out.|Teachers of community schools|Dropout Early-Warning Dashboard|Data & Analytics|Web App|student;attendance;analytics;dashboard|Chi-square test;Correlation and regression;Charts and graphs|Test whether low attendance and dropping out are really linked using a chi-square test of independence on last year's records, then flag students whose pattern matches.
EDU|Students cannot find which senior already solved a lab assignment topic to ask for guidance.|Junior students|Senior Mentor Finder by Subject|Web App|Mobile App|student;course;chat|SQL views;Query processing and indexing;Collections framework|Match juniors to seniors with a ranked SQL view over subjects and marks, and show the query plan before and after adding an index.
TOU|Homestays in villages are invisible online, so tourists only book city hotels.|Rural homestay owners|Village Homestay Listing and Booking|Web App|Mobile App|homestay;booking;tourism;rating|Transactions and ACID;Page replacement;Cache and memory hierarchy;Collections framework|Booking runs inside transactions, and the popular listings sit in an LRU cache that you can show beating FIFO on real search logs.
TOU|Trekkers on remote trails cannot tell family where they are when there is no internet.|Trekkers and their families|Offline Trek Check-in via SMS|Mobile App|Web App|trekking;sms;gps|Socket programming;Probability distributions;Multithreading|An SMS link loses messages like an unreliable network: build the check-in protocol with acknowledgements and retries over UDP and measure the loss with a Poisson model.
TOU|Tourists are overcharged by taxis because they do not know fair fares between points.|Foreign and domestic tourists|Fair Taxi Fare Estimator|Mobile App|Web App|travel;route;map|Correlation and regression;Descriptive statistics;Hypothesis testing;Charts and graphs|Fit fare against distance from reported fares, draw the confidence band, and flag any quote more than two standard deviations above it.
FIN|Cooperative members cannot see their savings statement without visiting the office.|Members of local cooperatives|Cooperative Member Statement by SMS|Web App|Mobile App|cooperative;savings;sms|Database security and access control;SQL views;Stored procedures and functions|Each member sees only their own rows through a view and a role, and the statement comes from a stored procedure: the access-control unit put to work.
FIN|Small shopkeepers lend on credit (udharo) and lose track of who owes how much.|Small shopkeepers|Shop Credit Ledger with Reminders|Mobile App|Desktop App|billing;shop;notification|Computer arithmetic;Triggers;Transactions and ACID|Money must add up to the last paisa: store amounts as integers, show why floating point drifts, and let a trigger keep each balance equal to the sum of its entries.
FIN|Migrant workers' families cannot compare remittance charges across services.|Families receiving remittance|Remittance Cost Comparator|Web App|Data & Analytics|payment;foreign-employment;analytics|Hypothesis testing;Descriptive statistics;Charts and graphs|Compare services with a two-sample test on fee percentages, so the app can say a difference is real and not noise.
TRN|Commuters cannot tell which micro or bus route passes their stop in Kathmandu.|Daily commuters|Kathmandu Bus Route Finder|Mobile App|Web App|bus;route;map|Collections framework;Query processing and indexing;Cache and memory hierarchy;Swing GUI|Routes are a graph built from plain Java collections, the stop index lets a lookup touch a handful of rows, and a small cache holds the most searched stops.
TRN|Drivers cannot find which fuel station has petrol during a fuel shortage.|Vehicle owners|Fuel Availability Crowd Board|Mobile App|Web App|fuel;map;notification|Probability;Collections framework;Triggers|Crowd reports can lie: weigh each report by the reporter's past accuracy with a simple Bayes update, and show the probability that a station really has fuel.
TRN|Traffic police record violations on paper and fines are hard to verify later.|Traffic police and drivers|Digital Traffic Fine Register|Desktop App|Web App|traffic;vehicle;billing;verification|Database security and access control;Backup and recovery;Triggers;Swing GUI|A fine can never be quietly edited: append-only tables, role-based access, and a nightly backup with a restore that has actually been tested.
GOV|Ward offices handle recommendation letters on paper and people make repeated visits.|Citizens needing ward recommendations|Ward Recommendation Letter Tracker|Web App|Desktop App|ward-office;document;citizen-service;queue|Process scheduling;Triggers;Stored procedures and functions|Letters move through states like a process (new, ready, running, done) and the office queue uses round-robin, so no letter waits forever.
GOV|Citizens do not know what documents are needed for common services and return several times.|Citizens visiting government offices|Service Document Checklist Kiosk|Desktop App|Web App|citizen-service;document;verification|Swing GUI;File IO and serialization;Collections framework|A touch-screen Swing kiosk that works from a local file with no network, with each checklist shown as a JTree from service down to documents.
GOV|Social security allowance beneficiaries are not informed when payments are released.|Elderly and single women beneficiaries|Allowance Payment SMS Notifier|Web App|Desktop App|citizen-service;payment;sms|Multithreading;Semaphores and critical sections;Charts and graphs;Descriptive statistics|Sending 10,000 SMS in one batch needs a worker pool: chart throughput as the thread count grows and show where more threads stop helping.
JOB|Foreign-employment aspirants fall for fake manpower agencies charging illegal fees.|Youth seeking work abroad|Manpower Agency Verification Board|Web App|Mobile App|foreign-employment;verification;rating|Probability;Database security and access control;Triggers|Each complaint raises an agency's risk score through a Bayes update, and every lookup is logged by a trigger so the board can show who searched what.
JOB|Returnee migrant workers cannot show their skills to local employers.|Returnee migrant workers|Returnee Skill Profile Directory|Web App|Mobile App|skill;job;foreign-employment|ER model and normalisation;Query processing and indexing;SQL views|Skills are many-to-many: design the tables in 3NF, then show a join and a view that find returnees by any skill combination, and time it before and after an index.
JOB|Daily wage workers gather at chowks waiting for work with no way to be booked in advance.|Daily wage labourers|Daily Wage Worker Booking|Mobile App|Web App|job;booking;sms|Semaphores and critical sections;Locking and deadlock in databases;Transactions and ACID|Many contractors may reach for the same worker in the same second: a semaphore-style row lock gives the worker to exactly one booking.
SOC|Blood requests are spread through Facebook posts and many donors are contacted too late.|Patients' relatives and donors|Emergency Blood Request Relay|Mobile App|Web App|blood-donation;sms;notification|Multithreading;Socket programming;Real-time systems|A request fans out to nearby donors in parallel threads, the first acknowledgement stops the rest, and the response time is measured for every request.
SOC|Community libraries and clubs cannot track volunteers' hours and skills.|Youth clubs and volunteers|Volunteer Hours Log for Youth Clubs|Web App|Desktop App|volunteer;event;dashboard|Descriptive statistics;Charts and graphs;SQL views|Monthly hours as a histogram and a frequency polygon, with quartiles to show how evenly the club shares the work.
SOC|Donated clothes and items pile up at one place while other shelters lack them.|Shelters and donors|Donation Needs Matching Board|Web App|Mobile App|donation;inventory;map|Deadlock and Banker's algorithm;Collections framework;Transactions and ACID|Shelters request and donors supply: grant a request only if the system stays in a safe state, the Banker's algorithm applied to blankets and food packs.
MED|Local folk musicians have no place to publish and be discovered by listeners.|Folk and local musicians|Local Folk Music Archive|Web App|Mobile App|music;streaming;rating|File systems;Query processing and indexing;Page replacement;File IO and serialization|Store the audio files in a directory scheme you design like a small file system, with an index for search and an LRU cache for the most played songs.
MED|Children learn traffic rules only from books and forget them quickly.|Primary school children|Traffic Rules Learning Game|Game|Mobile App|game;traffic;quiz|Inheritance and polymorphism;Probability;Swing GUI|Each sign is a class in a hierarchy, and the next question is picked by probability weighted toward the signs the child got wrong.
COM|Small cafes lose regular customers because they have no simple loyalty system.|Small cafe owners|Cafe Loyalty Stamp Card|Mobile App|Web App|restaurant;qr-code;rating|Database security and access control;Triggers;Descriptive statistics|Each stamp is a QR token signed with a hash and a secret, so staff cannot fake it: encryption and non-repudiation from the security unit in a small, real setting.
COM|Local tailors lose customer measurements written in notebooks.|Tailors and their customers|Tailor Measurement and Order Book|Desktop App|Mobile App|shop;document;notification|Swing GUI;File IO and serialization;Backup and recovery|A desktop order book that never loses a customer: every save writes a serialized snapshot and a database row, and restoring from the snapshot is part of the demo.
